{
    "accuracy": 0.8005677785663591,
    "precision": 0.6576271186440678,
    "recall": 0.5187165775401069,
    "f1_score": 0.5799701046337817
}